{"cameraMode":{"drawMode":0,"name":"Shaded","section":"Shading Mode"},"sceneLighting":true,"audioPlay":false,"sceneViewState":{"showFog":true,"showMaterialUpdate":false,"showSkybox":true,"showFlares":true,"showImageEffects":true,"showParticleSystems":true},"in2DMode":false,"pivot":{"x":10.40219497680664,"y":-7.996692657470703,"z":102.9476547241211},"rotation":{"x":0.05571648105978966,"y":0.04790206626057625,"z":-0.0026765624061226846,"w":0.9972946643829346},"size":108.63400268554688,"orthographic":false}